{
	 "rootnode": {
		 "name": "<3DSRoot>"
		,"transformation": [
			 1
			,0
			,0
			,0
			,0
			,0
			,1
			,0
			,0
			,-1
			,0
			,0
			,0
			,0
			,0
			,1
		]
		,"children": [
			{
				 "name": "Camera"
				,"transformation": [
					 1
					,0
					,0
					,268.628
					,-0
					,1
					,0
					,-404.477
					,0
					,0
					,1
					,21.4451
					,0
					,0
					,0
					,1
				]
			}
			,{
				 "name": "Model"
				,"transformation": [
					 1
					,0
					,0
					,0
					,0
					,1
					,0
					,0
					,0
					,0
					,1
					,0
					,0
					,0
					,0
					,1
				]
				,"meshes": [
					 0
				]
			}
		]
	}
	,"flags": 8
	,"meshes": [
		{
			 "name": "0"
			,"materialindex": 0
			,"primitivetypes": 4
			,"vertices": [
				 32.4266
				,33.2777
				,-33.1875
				,-34.3859
				,-33.5348
				,-33.1875
				,-34.3859
				,33.2777
				,-33.1875
				,32.4266
				,-33.5348
				,-33.1875
				,32.4266
				,33.2777
				,-33.1875
				,32.4266
				,-33.5348
				,33.1875
				,32.4266
				,-33.5348
				,-33.1875
				,32.4266
				,33.2777
				,33.1875
				,32.4266
				,33.2777
				,-33.1875
				,-34.3859
				,33.2777
				,33.1875
				,32.4266
				,33.2777
				,33.1875
				,-34.3859
				,33.2777
				,-33.1875
				,-34.3859
				,-33.5348
				,-33.1875
				,-34.3859
				,33.2777
				,33.1875
				,-34.3859
				,33.2777
				,-33.1875
				,-34.3859
				,-33.5348
				,33.1875
				,-34.3859
				,-33.5348
				,-33.1875
				,32.4266
				,-33.5348
				,33.1875
				,-34.3859
				,-33.5348
				,33.1875
				,32.4266
				,-33.5348
				,-33.1875
				,32.4266
				,-33.5348
				,33.1875
				,-34.3859
				,33.2777
				,33.1875
				,-34.3859
				,-33.5348
				,33.1875
				,32.4266
				,33.2777
				,33.1875
			]
			,"normals": [
				 0.576082
				,0.576082
				,-0.579879
				,-0.576082
				,-0.576082
				,-0.579879
				,-0.576082
				,0.576082
				,-0.579879
				,0.576082
				,-0.576082
				,-0.579879
				,0.576082
				,0.576082
				,-0.579879
				,0.576082
				,-0.576082
				,0.579879
				,0.576082
				,-0.576082
				,-0.579879
				,0.576082
				,0.576082
				,0.579879
				,0.576082
				,0.576082
				,-0.579879
				,-0.576082
				,0.576082
				,0.579879
				,0.576082
				,0.576082
				,0.579879
				,-0.576082
				,0.576082
				,-0.579879
				,-0.576082
				,-0.576082
				,-0.579879
				,-0.576082
				,0.576082
				,0.579879
				,-0.576082
				,0.576082
				,-0.579879
				,-0.576082
				,-0.576082
				,0.579879
				,-0.576082
				,-0.576082
				,-0.579879
				,0.576082
				,-0.576082
				,0.579879
				,-0.576082
				,-0.576082
				,0.579879
				,0.576082
				,-0.576082
				,-0.579879
				,0.576082
				,-0.576082
				,0.579879
				,-0.576082
				,0.576082
				,0.579879
				,-0.576082
				,-0.576082
				,0.579879
				,0.576082
				,0.576082
				,0.579879
			]
			,"tangents": [
				 -0.817392
				,0.406011
				,-0.408687
				,-0.817392
				,0.406011
				,0.408687
				,-0.817392
				,-0.406011
				,0.408687
				,-0.817392
				,-0.406011
				,-0.408687
				,-0.406011
				,0.817392
				,0.408687
				,0.406011
				,0.817392
				,0.408687
				,0.406011
				,0.817392
				,-0.408687
				,-0.406011
				,0.817392
				,-0.408687
				,-0.817392
				,0.406011
				,-0.408687
				,-0.817392
				,-0.406011
				,-0.408687
				,-0.817392
				,0.406011
				,0.408687
				,-0.817392
				,-0.406011
				,0.408687
				,0.406011
				,-0.817392
				,0.408687
				,-0.406011
				,-0.817392
				,0.408687
				,-0.406011
				,-0.817392
				,-0.408687
				,0.406011
				,-0.817392
				,-0.408687
				,0.817392
				,-0.406011
				,-0.408687
				,0.817392
				,0.406011
				,-0.408687
				,0.817392
				,-0.406011
				,0.408687
				,0.817392
				,0.406011
				,0.408687
				,0.817392
				,0.406011
				,-0.408687
				,0.817392
				,0.406011
				,0.408687
				,0.817392
				,-0.406011
				,0.408687
				,0.817392
				,-0.406011
				,-0.408687
			]
			,"bitangents": [
				 0.406011
				,-0.817392
				,-0.408687
				,0.406011
				,-0.817392
				,0.408687
				,-0.406011
				,-0.817392
				,-0.408687
				,-0.406011
				,-0.817392
				,0.408687
				,-0.410036
				,-0.410036
				,-0.814703
				,0.410036
				,-0.410036
				,-0.814703
				,-0.410036
				,0.410036
				,-0.814703
				,0.410036
				,0.410036
				,-0.814703
				,-0.410036
				,-0.410036
				,-0.814703
				,-0.410036
				,0.410036
				,-0.814703
				,0.410036
				,0.410036
				,-0.814703
				,0.410036
				,-0.410036
				,-0.814703
				,0.410036
				,0.410036
				,-0.814703
				,-0.410036
				,0.410036
				,-0.814703
				,0.410036
				,-0.410036
				,-0.814703
				,-0.410036
				,-0.410036
				,-0.814703
				,0.410036
				,0.410036
				,-0.814703
				,0.410036
				,-0.410036
				,-0.814703
				,-0.410036
				,-0.410036
				,-0.814703
				,-0.410036
				,0.410036
				,-0.814703
				,-0.406011
				,-0.817392
				,-0.408687
				,-0.406011
				,-0.817392
				,0.408687
				,0.406011
				,-0.817392
				,-0.408687
				,0.406011
				,-0.817392
				,0.408687
			]
			,"numuvcomponents": [
				 2
			]
			,"texturecoords": [
				[
					 0
					,0
					,0.529973
					,-0.529973
					,0.529973
					,0
					,0
					,-0.529973
					,1
					,-0.993452
					,0
					,0
					,0
					,-0.993452
					,1
					,0
					,0
					,-0.993452
					,1
					,0
					,0
					,0
					,1
					,-0.993452
					,0.650197
					,-0.64594
					,0
					,0
					,0
					,-0.64594
					,0.650197
					,0
					,0
					,-0.993452
					,1
					,0
					,0
					,0
					,1
					,-0.993452
					,0.575559
					,-0.575559
					,5.55112e-017
					,0
					,5.55112e-017
					,-0.575559
					,0.575559
					,0
				]
			]
			,"faces": [
				[
					 0
					,1
					,2
				]
				,[
					 1
					,0
					,3
				]
				,[
					 4
					,5
					,6
				]
				,[
					 5
					,4
					,7
				]
				,[
					 8
					,9
					,10
				]
				,[
					 9
					,8
					,11
				]
				,[
					 12
					,13
					,14
				]
				,[
					 13
					,12
					,15
				]
				,[
					 16
					,17
					,18
				]
				,[
					 17
					,16
					,19
				]
				,[
					 20
					,21
					,22
				]
				,[
					 21
					,20
					,23
				]
			]
		}
	]
	,"materials": [
		{
			 "properties": [
				{
					 "key": "?mat.name"
					,"semantic": 0
					,"index": 0
					,"type": 3
					,"value": "tiles"
				}
				,{
					 "key": "$clr.ambient"
					,"semantic": 0
					,"index": 0
					,"type": 1
					,"value": [
						 0
						,0
						,0
					]
				}
				,{
					 "key": "$clr.diffuse"
					,"semantic": 0
					,"index": 0
					,"type": 1
					,"value": [
						 0.721569
						,0.721569
						,0.721569
					]
				}
				,{
					 "key": "$clr.specular"
					,"semantic": 0
					,"index": 0
					,"type": 1
					,"value": [
						 0.329412
						,0.329412
						,0.329412
					]
				}
				,{
					 "key": "$clr.emissive"
					,"semantic": 0
					,"index": 0
					,"type": 1
					,"value": [
						 0
						,0
						,0
					]
				}
				,{
					 "key": "$mat.opacity"
					,"semantic": 0
					,"index": 0
					,"type": 1
					,"value": 1
				}
				,{
					 "key": "$mat.bumpscaling"
					,"semantic": 0
					,"index": 0
					,"type": 1
					,"value": 1
				}
				,{
					 "key": "$mat.twosided"
					,"semantic": 0
					,"index": 0
					,"type": 4
					,"value": 1
				}
				,{
					 "key": "$mat.shadingm"
					,"semantic": 0
					,"index": 0
					,"type": 4
					,"value": 2
				}
				,{
					 "key": "$tex.file"
					,"semantic": 1
					,"index": 0
					,"type": 3
					,"value": "tiles.png"
				}
				,{
					 "key": "$tex.blend"
					,