{
	 "rootnode": {
		 "name": "<3DSRoot>"
		,"transformation": [
			 1
			,0
			,0
			,0
			,0
			,0
			,1
			,0
			,0
			,-1
			,0
			,0
			,0
			,0
			,0
			,1
		]
		,"children": [
			{
				 "name": "Camera"
				,"transformation": [
					 1
					,0
					,0
					,-71.4131
					,-0
					,1
					,0
					,-79.8003
					,0
					,0
					,1
					,97.2788
					,0
					,0
					,0
					,1
				]
			}
			,{
				 "name": "Model"
				,"transformation": [
					 1
					,0
					,0
					,0
					,0
					,1
					,0
					,0
					,0
					,0
					,1
					,0
					,0
					,0
					,0
					,1
				]
				,"meshes": [
					 0
				]
			}
		]
	}
	,"flags": 8
	,"meshes": [
		{
			 "name": "0"
			,"materialindex": 0
			,"primitivetypes": 4
			,"vertices": [
				 23.4076
				,23.0037
				,-14.5406
				,-23.758
				,-24.1619
				,-14.5406
				,-23.758
				,23.0037
				,-14.5406
				,23.4076
				,-24.1619
				,-14.5406
				,23.4076
				,23.0037
				,-14.5406
				,23.4076
				,-24.1619
				,11.8656
				,23.4076
				,-24.1619
				,-14.5406
				,23.4076
				,23.0037
				,11.8656
				,23.4076
				,23.0037
				,-14.5406
				,-23.758
				,23.0037
				,11.8656
				,23.4076
				,23.0037
				,11.8656
				,-23.758
				,23.0037
				,-14.5406
				,-23.758
				,23.0037
				,-14.5406
				,-23.758
				,16.4746
				,-3.69377
				,-23.758
				,23.0037
				,11.8656
				,-23.758
				,-17.9347
				,-3.69377
				,-23.758
				,-24.1619
				,-14.5406
				,-23.758
				,-17.9347
				,11.8656
				,-23.758
				,-24.1619
				,11.8656
				,-23.758
				,-24.1619
				,-14.5406
				,23.4076
				,-24.1619
				,11.8656
				,-23.758
				,-24.1619
				,11.8656
				,23.4076
				,-24.1619
				,-14.5406
				,23.4076
				,-24.1619
				,11.8656
				,-23.758
				,-17.9347
				,11.8656
				,-23.758
				,-24.1619
				,11.8656
				,6.91386
				,-17.9347
				,11.8656
				,6.91386
				,16.4746
				,11.8656
				,23.4076
				,23.0037
				,11.8656
				,-23.758
				,23.0037
				,11.8656
				,-23.758
				,16.4746
				,11.8656
				,-23.758
				,16.4746
				,11.8656
				,-23.758
				,16.4746
				,-3.69377
				,6.91386
				,16.4746
				,11.8656
				,-23.758
				,16.4746
				,11.8656
				,6.91386
				,16.4746
				,-3.69377
				,-23.758
				,16.4746
				,-3.69377
				,6.91386
				,-17.9347
				,-3.69377
				,6.91386
				,16.4746
				,-3.69377
				,-23.758
				,-17.9347
				,-3.69377
				,-23.758
				,-17.9347
				,11.8656
				,6.91386
				,-17.9347
				,-3.69377
				,-23.758
				,-17.9347
				,-3.69377
				,6.91386
				,-17.9347
				,11.8656
				,6.91386
				,16.4746
				,11.8656
				,6.91386
				,-17.9347
				,-3.69377
				,6.91386
				,-17.9347
				,11.8656
				,6.91386
				,16.4746
				,-3.69377
			]
			,"normals": [
				 0.438937
				,0.438937
				,-0.784008
				,-0.149871
				,-0.482994
				,-0.862702
				,-0.383054
				,0.451251
				,-0.806004
				,0.438937
				,-0.438937
				,-0.784008
				,0.438937
				,0.438937
				,-0.784008
				,0.627476
				,-0.627476
				,0.46103
				,0.438937
				,-0.438937
				,-0.784008
				,0.601912
				,0.601912
				,0.52479
				,0.438937
				,0.438937
				,-0.784008
				,-0.107157
				,0.974174
				,0.198754
				,0.601912
				,0.601912
				,0.52479
				,-0.383054
				,0.451251
				,-0.806004
				,-0.383054
				,0.451251
				,-0.806004
				,-0.269087
				,-0.396822
				,0.877567
				,-0.107157
				,0.974174
				,0.198754
				,-0.646571
				,0.31431
				,0.695094
				,-0.149871
				,-0.482994
				,-0.862702
				,-0.237154
				,0.866182
				,0.439871
				,-0.127455
				,-0.965365
				,0.227654
				,-0.149871
				,-0.482994
				,-0.862702
				,0.627476
				,-0.627476
				,0.46103
				,-0.127455
				,-0.965365
				,0.227654
				,0.438937
				,-0.438937
				,-0.784008
				,0.627476
				,-0.627476
				,0.46103
				,-0.237154
				,0.866182
				,0.439871
				,-0.127455
				,-0.965365
				,0.227654
				,-0.512862
				,0.457156
				,0.726623
				,-0.456841
				,-0.40722
				,0.790865
				,0.601912
				,0.601912
				,0.52479
				,-0.107157
				,0.974174
				,0.198754
				,-0.192612
				,-0.904839
				,0.379693
				,-0.192612
				,-0.904839
				,0.379693
				,-0.269087
				,-0.396822
				,0.877567
				,-0.456841
				,-0.40722
				,0.790865
				,-0.192612
				,-0.904839
				,0.379693
				,-0.419572
				,-0.373999
				,0.827094
				,-0.269087
				,-0.396822
				,0.877567
				,-0.419572
				,0.373999
				,0.827094
				,-0.419572
				,-0.373999
				,0.827094
				,-0.646571
				,0.31431
				,0.695094
				,-0.237154
				,0.866182
				,0.439871
				,-0.419572
				,0.373999
				,0.827094
				,-0.646571
				,0.31431
				,0.695094
				,-0.512862
				,0.457156
				,0.726623
				,-0.456841
				,-0.40722
				,0.790865
				,-0.419572
				,0.373999
				,0.827094
				,-0.512862
				,0.457156
				,0.726623
				,-0.419572
				,-0.373999
				,0.827094
			]
			,"tangents": [
				 -0.898518
				,0.214426
				,-0.382997
				,-0.988706
				,0.0732138
				,0.130771
				,-0.923726
				,-0.187127
				,0.334237
				,-0.898518
				,-0.214426
				,-0.382997
				,-0.214426
				,0.898518
				,0.382997
				,0.50566
				,0.778636
				,0.371528
				,0.214426
				,0.898518
				,-0.382997
				,-0.453688
				,0.798563
				,-0.395557
				,-0.898518
				,0.214426
				,-0.382997
				,-0.994242
				,-0.104994
				,-0.0214212
				,-0.798563
				,0.453688
				,0.395557
				,-0.923726
				,-0.187127
				,0.334237
				,-0.193696
				,-0.892397
				,-0.407565
				,0.116331
				,-0.917896
				,-0.379387
				,-0.462309
				,-0.2258
				,0.857487
				,-0.214073
				,-0.94932
				,0.230139
				,0.082669
				,-0.875624
				,0.475867
				,-0.41106
				,-0.499729
				,0.762431
				,0.471592
				,-0.260904
				,-0.842336
				,0.988706
				,-0.0732138
				,-0.130771
				,0.778636
				,0.50566
				,-0.371528
				,0.991844
				,-0.124052
				,0.0292541
				,0.898518
				,0.214426
				,0.382997
				,0.778636
				,0.50566
				,-0.371528
				,0.971472
				,0.211451
				,0.107381
				,0.991844
				,-0.124052
				,0.0292541
				,0.858471
				,0.273111
				,0.434094
				,0.889548
				,-0.209134
				,0.406161
				,0.798563
				,-0.453688
				,-0.395557
				,0.994242
				,0.104994
				,0.0214212
				,0.981275
				,-0.177609
				,0.074529
				,0.409352
				,-0.425753
				,-0.806948
				,0.963116
				,-0.110869
				,0.245186
				,0.889548
				,-0.209134
				,0.406161
				,0.981275
				,-0.177609
				,0.074529
				,0.907722
				,-0.172872
				,0.382304
				,0.963116
				,-0.110869
				,0.245186
				,0.907722
				,0.172872
				,0.382304
				,0.907722
				,-0.172872
				,0.382304
				,0.762854
				,0.266399
				,0.589139
				,-0.971472
				,-0.211451
				,-0.107381
				,-0.907722
				,-0.172872
				,-0.382304
				,-0.762854
				,-0.266399
				,-0.589139
				,-0.858471
				,-0.273111
				,-0.434094
				,0.203688
				,-0.91333
				,-0.352617
				,-0.169198
				,-0.927429
				,0.333537
				,-0.263617
				,-0.889387
				,0.373493
				,0.169198
				,-0.927429
				,-0.333537
			]
			,