{
	 "rootnode": {
		 "name": "<STL_BINARY>"
		,"transformation": [
			 1
			,0
			,0
			,0
			,0
			,1
			,0
			,0
			,0
			,0
			,1
			,0
			,0
			,0
			,0
			,1
		]
		,"meshes": [
			 0
		]
	}
	,"flags": 8
	,"meshes": [
		{
			 "name": ""
			,"materialindex": 0
			,"primitivetypes": 4
			,"vertices": [
				 -75
				,50
				,1
				,-55
				,50
				,1
				,-75
				,50
				,27
				,-55
				,50
				,27
				,-75
				,75
				,1
				,-75
				,50
				,1
				,-75
				,75
				,27
				,-75
				,50
				,27
				,-55
				,75
				,1
				,-75
				,75
				,1
				,-55
				,75
				,27
				,-75
				,75
				,27
				,-55
				,50
				,1
				,-55
				,75
				,1
				,-55
				,50
				,27
				,-55
				,75
				,27
				,-55
				,75
				,27
				,-75
				,75
				,27
				,-55
				,50
				,27
				,-75
				,50
				,27
				,-125
				,100
				,0
				,-125
				,62.5
				,0
				,-125
				,100
				,1
				,-125
				,62.5
				,1
				,-125
				,25
				,0
				,-125
				,25
				,1
				,-25
				,100
				,0
				,-75
				,100
				,0
				,-25
				,100
				,1
				,-75
				,100
				,1
				,-125
				,100
				,0
				,-125
				,100
				,1
				,-25
				,25
				,-8.88178e-015
				,-25
				,62.5
				,-4.44089e-015
				,-25
				,25
				,1
				,-25
				,62.5
				,1
				,-25
				,100
				,0
				,-25
				,100
				,1
				,-125
				,25
				,0
				,-75
				,25
				,-4.44089e-015
				,-125
				,25
				,1
				,-75
				,25
				,1
				,-25
				,25
				,-8.88178e-015
				,-25
				,25
				,1
				,-75
				,50
				,1
				,-75
				,25
				,1
				,-55
				,50
				,1
				,-25
				,25
				,1
				,-25
				,62.5
				,1
				,-75
				,75
				,1
				,-125
				,62.5
				,1
				,-125
				,25
				,1
				,-55
				,75
				,1
				,-75
				,100
				,1
				,-125
				,100
				,1
				,-25
				,100
				,1
				,-25
				,25
				,-8.88178e-015
				,-75
				,25
				,-4.44089e-015
				,-25
				,62.5
				,-4.44089e-015
				,-75
				,62.5
				,-4.44089e-015
				,-25
				,100
				,0
				,-75
				,100
				,0
				,-125
				,62.5
				,0
				,-125
				,100
				,0
				,-125
				,25
				,0
			]
			,"normals": [
				 0
				,-1
				,0
				,0
				,-1
				,0
				,0
				,-1
				,0
				,0
				,-1
				,0
				,-1
				,0
				,0
				,-1
				,0
				,0
				,-1
				,0
				,0
				,-1
				,-0
				,0
				,0
				,1
				,-0
				,0
				,1
				,-0
				,0
				,1
				,-0
				,0
				,1
				,0
				,1
				,0
				,0
				,1
				,0
				,0
				,1
				,0
				,0
				,1
				,-0
				,0
				,0
				,0
				,1
				,0
				,0
				,1
				,0
				,0
				,1
				,0
				,0
				,1
				,-1
				,0
				,0
				,-1
				,0
				,0
				,-1
				,0
				,0
				,-1
				,-0
				,0
				,-1
				,0
				,-0
				,-1
				,-0
				,0
				,0
				,1
				,-0
				,0
				,1
				,-0
				,0
				,1
				,-0
				,0
				,1
				,0
				,0
				,1
				,0
				,0
				,1
				,0
				,1
				,0
				,0
				,1
				,0
				,0
				,1
				,0
				,0
				,1
				,-0
				,0
				,1
				,0
				,0
				,1
				,-0
				,0
				,0
				,-1
				,0
				,0
				,-1
				,0
				,0
				,-1
				,0
				,0
				,-1
				,0
				,0
				,-1
				,0
				,0
				,-1
				,0
				,-0
				,0
				,1
				,-0
				,0
				,1
				,-0
				,0
				,1
				,0
				,0
				,1
				,-0
				,0
				,1
				,0
				,0
				,1
				,0
				,0
				,1
				,0
				,0
				,1
				,0
				,0
				,1
				,0
				,0
				,1
				,0
				,-0
				,1
				,-0
				,0
				,1
				,-8.88178e-017
				,1.18424e-016
				,-1
				,-8.88178e-017
				,1.18424e-016
				,-1
				,-8.88178e-017
				,1.18424e-016
				,-1
				,-0
				,0
				,-1
				,0
				,1.18424e-016
				,-1
				,0
				,1.18424e-016
				,-1
				,-8.88178e-017
				,1.18424e-016
				,-1
				,-0
				,0
				,-1
				,-8.88178e-017
				,0
				,-1
			]
			,"faces": [
				[
					 0
					,1
					,2
				]
				,[
					 2
					,1
					,3
				]
				,[
					 4
					,5
					,6
				]
				,[
					 6
					,5
					,7
				]
				,[
					 8
					,9
					,10
				]
				,[
					 10
					,9
					,11
				]
				,[
					 12
					,13
					,14
				]
				,[
					 14
					,13
					,15
				]
				,[
					 16
					,17
					,18
				]
				,[
					 18
					,17
					,19
				]
				,[
					 20
					,21
					,22
				]
				,[
					 22
					,21
					,23
				]
				,[
					 23
					,21
					,24
				]
				,[
					 23
					,24
					,25
				]
				,[
					 26
					,27
					,28
				]
				,[
					 28
					,27
					,29
				]
				,[
					 29
					,27
					,30
				]
				,[
					 29
					,30
					,31
				]
				,[
					 32
					,33
					,34
				]
				,[
					 34
					,33
					,35
				]
				,[
					 35
					,33
					,36
				]
				,[
					 35
					,36
					,37
				]
				,[
					 38
					,39
					,40
				]
				,[
					 40
					,39
					,41
				]
				,[
					 41
					,39
					,42
				]
				,[
					 41
					,42
					,43
				]
				,[
					 44
					,45
					,46
				]
				,[
					 49
					,50
					,44
				]
				,[
					 44
					,50
					,51
				]
				,[
					 44
					,51
					,45
				]
				,[
					 46
					,45
					,47
				]
				,[
					 46
					,47
					,48
				]
				,[
					 46
					,48
					,52
				]
				,[
					 52
					,48
					,55
				]
				,[
					 52
					,53
					,49
				]
				,[
					 52
					,55
					,53
				]
				,[
					 49
					,53
					,54
				]
				,[
					 49
					,54
					,50
				]
				,[
					 56
					,57
					,58
				]
				,[
					 58
					,57
					,59
				]
				,[
					 57
					,64
					,59
				]
				,[
					 58
					,59
					,60
				]
				,[
					 60
					,59
					,61
				]
				,[
					 61
					,59
					,62
				]
				,[
					 59
					,64
					,62
				]
				,[
					 61
					,62
					,63
				]
			]
		}
	]
	,"materials": [
		{
			 "properties": [
				{
					 "key": "?mat.name"
					,"semantic": 0
					,"index": 0
					,"type": 3
					,"value": "DefaultMaterial"
				}
				,{
					 "key": "$clr.diffuse"
					,"semantic": 0
					,"index": 0
					,"type": 1
					,"value": [
						 1
						,1
						,1
						,1
					]
				}
				,{
					 "key": "$clr.specular"
					,"semantic": 0
					,"index": 0
					,"type": 1
					,"value": [
						 1
						,1
						,1
						,1
					]
				}
				,{
					 "key": "$clr.ambient"
					,"semantic": 0
					,"index": 0
					,"type": 1
					,"value": [
						 0.05
						,0.05
						,0.05
						,1
					]
				}
			]
		}
	]
}
